id,op_code,instruction,output
1,7c0c, %I0.0,0
2,7c1c, %I0.1,0
3,7c2c, %I0.2,0
4,7c3c, %I0.3,0
5,7c4c, %I0.4,0
6,7c5c, %I0.5,0
7,7c6c, %I0.6,0
8,7c7c, %I0.7,0
9,e02d, %Q0.0,1
10,e12d, %Q0.1,1
11,e22d, %Q0.2,1
12,e32d, %Q0.3,1
13,e42d, %Q0.4,1
14,e52d, %Q0.5,1
15,e62d, %Q0.6,1
16,e72d, %Q0.7,1
17,efce7e0e7c0e,N %I0.0,0
18,efce7e0e7c1e,N %I0.1,0
19,efce7e0e7c2e,N %I0.2,0
20,efce7e0e7c3e,N %I0.3,0
21,efce7e0e7c4e,N %I0.4,0
22,efce7e0e7c5e,N %I0.5,0
23,efce7e0e7c6e,N %I0.6,0
24,efce7e0e7c7e,N %I0.7,0
25,e03d,N %Q0.0,1
26,e13d,N %Q0.1,1
27,e23d,N %Q0.2,1
28,e33d,N %Q0.3,1
29,e43d,N %Q0.4,1
30,e53d,N %Q0.5,1
31,e63d,N %Q0.6,1
32,e73d,N %Q0.7,1
33,23,AND,2
34,22,OR,2
35,7c8c, %I0.8,0
36,fd,ST,3
37,fc,,3
38,7e5bfbe6047eae,AND(,3
39,7ebe7e4b7f1e,),0
40,7e5bfbe60a7eae,OR(,3
41,7f1a10,BLK,3
42,0b00, %TM0,0
43,7f1a11,OUT_BLK,0
44,f672ac10f275ad10,IN,0
48,0b01, %TM1,0
49,0b03, %TM3,0
50,0b04, %TM4,0
51,f672ac10f275ad10,IN,0
52,f6701011,LD Q,0
53,f6701811,LD Q,0
54,f6702011,LD Q,0
55,f6702811,LD Q,0
56,f6703011,LD Q,0
57,0b05, %TM5,0
58,0b02, %TM2,0
59,0b00, %TM0,0
60,f6700000,  %M0    ,0
61,f6710000,  %M1    ,0
62,f6720000,  %M2    ,0
63,f6730000,  %M3    ,0
64,f6740000,  %M4    ,0
65,f6750000,  %M5    ,0
66,f6760000,  %M6    ,0
67,f6770000,  %M7    ,0
68,f6700100,  %M8    ,0
69,f6710100,  %M9    ,0
70,f6720100,  %M10    ,0
71,f6730100,  %M11    ,0
72,f6740100,  %M12    ,0
73,f6750100,  %M13    ,0
74,f6760100,  %M14    ,0
75,f6770100,  %M15    ,0
76,f6700200,  %M16    ,0
77,f6710200,  %M17    ,0
78,f6720200,  %M18    ,0
79,f6730200,  %M19    ,0
80,f6740200,  %M20    ,0
81,f6750200,  %M21    ,0
82,f6760200,  %M22    ,0
83,f6770200,  %M23    ,0
84,f6700300,  %M24    ,0
85,f6710300,  %M25    ,0
86,f6720300,  %M26    ,0
87,f6730300,  %M27    ,0
88,f6740300,  %M28    ,0
89,f6750300,  %M29    ,0
90,f6760300,  %M30    ,0
91,f6770300,  %M31    ,0
92,f6700400,  %M32    ,0
93,f6710400,  %M33    ,0
94,f6720400,  %M34    ,0
95,f6730400,  %M35    ,0
96,f6740400,  %M36    ,0
97,f6750400,  %M37    ,0
98,f6760400,  %M38    ,0
99,f6770400,  %M39    ,0
100,f6700500,  %M40    ,0
101,f6710500,  %M41    ,0
102,f6720500,  %M42    ,0
103,f6730500,  %M43    ,0
104,f6740500,  %M44    ,0
105,f6750500,  %M45    ,0
106,f6760500,  %M46    ,0
107,f6770500,  %M47    ,0
108,f6700600,  %M48    ,0
109,f6710600,  %M49    ,0
110,f6720600,  %M50    ,0
111,f6730600,  %M51    ,0
112,f6740600,  %M52    ,0
113,f6750600,  %M53    ,0
114,f6760600,  %M54    ,0
115,f6770600,  %M55    ,0
116,f6700700,  %M56    ,0
117,f6710700,  %M57    ,0
118,f6720700,  %M58    ,0
119,f6730700,  %M59    ,0
120,f6740700,  %M60    ,0
121,f6750700,  %M61    ,0
122,f6760700,  %M62    ,0
123,f6770700,  %M63    ,0
124,f6700800,  %M64    ,0
125,f6710800,  %M65    ,0
126,f6720800,  %M66    ,0
127,f6730800,  %M67    ,0
128,f6740800,  %M68    ,0
129,f6750800,  %M69    ,0
130,f6760800,  %M70    ,0
131,f6770800,  %M71    ,0
132,f6700900,  %M72    ,0
133,f6710900,  %M73    ,0
134,f6720900,  %M74    ,0
135,f6730900,  %M75    ,0
136,f6740900,  %M76    ,0
137,f6750900,  %M77    ,0
138,f6760900,  %M78    ,0
139,f6770900,  %M79    ,0
140,f6700a00,  %M80    ,0
141,f6710a00,  %M81    ,0
142,f6720a00,  %M82    ,0
143,f6730a00,  %M83    ,0
144,f6740a00,  %M84    ,0
145,f6750a00,  %M85    ,0
146,f6760a00,  %M86    ,0
147,f6770a00,  %M87    ,0
148,f6700b00,  %M88    ,0
149,f6710b00,  %M89    ,0
150,f6720b00,  %M90    ,0
151,f6730b00,  %M91    ,0
152,f6740b00,  %M92    ,0
153,f6750b00,  %M93    ,0
154,f6760b00,  %M94    ,0
155,f6770b00,  %M95    ,0
156,f6700c00,  %M96    ,0
157,f6710c00,  %M97    ,0
158,f6720c00,  %M98    ,0
159,f6730c00,  %M99    ,0
160,f6740c00,  %M100    ,0
161,f6750c00,  %M101    ,0
162,f6760c00,  %M102    ,0
163,f6770c00,  %M103    ,0
164,f6700d00,  %M104    ,0
165,f6710d00,  %M105    ,0
166,f6720d00,  %M106    ,0
167,f6730d00,  %M107    ,0
168,f6740d00,  %M108    ,0
169,f6750d00,  %M109    ,0
170,f6760d00,  %M110    ,0
171,f6770d00,  %M111    ,0
172,f6700e00,  %M112    ,0
173,f6710e00,  %M113    ,0
174,f6720e00,  %M114    ,0
175,f6730e00,  %M115    ,0
176,f6740e00,  %M116    ,0
177,f6750e00,  %M117    ,0
178,f6760e00,  %M118    ,0
179,f6770e00,  %M119    ,0
180,f6700f00,  %M120    ,0
181,f6710f00,  %M121    ,0
182,f6720f00,  %M122    ,0
183,f6730f00,  %M123    ,0
184,f6740f00,  %M124    ,0
185,f6750f00,  %M125    ,0
186,f6760f00,  %M126    ,0
187,f6770f00,  %M127    ,0
188,f6701000,  %M128    ,0
189,f6711000,  %M129    ,0
190,f6721000,  %M130    ,0
191,f6731000,  %M131    ,0
192,f6741000,  %M132    ,0
193,f6751000,  %M133    ,0
194,f6761000,  %M134    ,0
195,f6771000,  %M135    ,0
196,f6701100,  %M136    ,0
197,f6711100,  %M137    ,0
198,f6721100,  %M138    ,0
199,f6731100,  %M139    ,0
200,f6741100,  %M140    ,0
201,f6751100,  %M141    ,0
202,f6761100,  %M142    ,0
203,f6771100,  %M143    ,0
204,f6701200,  %M144    ,0
205,f6711200,  %M145    ,0
206,f6721200,  %M146    ,0
207,f6731200,  %M147    ,0
208,f6741200,  %M148    ,0
209,f6751200,  %M149    ,0
210,f6761200,  %M150    ,0
211,f6771200,  %M151    ,0
212,f6701300,  %M152    ,0
213,f6711300,  %M153    ,0
214,f6721300,  %M154    ,0
215,f6731300,  %M155    ,0
216,f6741300,  %M156    ,0
217,f6751300,  %M157    ,0
218,f6761300,  %M158    ,0
219,f6771300,  %M159    ,0
220,f6701400,  %M160    ,0
221,f6711400,  %M161    ,0
222,f6721400,  %M162    ,0
223,f6731400,  %M163    ,0
224,f6741400,  %M164    ,0
225,f6751400,  %M165    ,0
226,f6761400,  %M166    ,0
227,f6771400,  %M167    ,0
228,f6701500,  %M168    ,0
229,f6711500,  %M169    ,0
230,f6721500,  %M170    ,0
231,f6731500,  %M171    ,0
232,f6741500,  %M172    ,0
233,f6751500,  %M173    ,0
234,f6761500,  %M174    ,0
235,f6771500,  %M175    ,0
236,f6701600,  %M176    ,0
237,f6711600,  %M177    ,0
238,f6721600,  %M178    ,0
239,f6731600,  %M179    ,0
240,f6741600,  %M180    ,0
241,f6751600,  %M181    ,0
242,f6761600,  %M182    ,0
243,f6771600,  %M183    ,0
244,f6701700,  %M184    ,0
245,f6711700,  %M185    ,0
246,f6721700,  %M186    ,0
247,f6731700,  %M187    ,0
248,f6741700,  %M188    ,0
249,f6751700,  %M189    ,0
250,f6761700,  %M190    ,0
251,f6771700,  %M191    ,0
252,f6701800,  %M192    ,0
253,f6711800,  %M193    ,0
254,f6721800,  %M194    ,0
255,f6731800,  %M195    ,0
256,f6741800,  %M196    ,0
257,f6751800,  %M197    ,0
258,f6761800,  %M198    ,0
259,f6771800,  %M199    ,0
260,f6701900,  %M200    ,0
261,f6711900,  %M201    ,0
262,f6721900,  %M202    ,0
263,f6731900,  %M203    ,0
264,f6741900,  %M204    ,0
265,f6751900,  %M205    ,0
266,f6761900,  %M206    ,0
267,f6771900,  %M207    ,0
268,f6701a00,  %M208    ,0
269,f6711a00,  %M209    ,0
270,f6721a00,  %M210    ,0
271,f6731a00,  %M211    ,0
272,f6741a00,  %M212    ,0
273,f6751a00,  %M213    ,0
274,f6761a00,  %M214    ,0
275,f6771a00,  %M215    ,0
276,f6701b00,  %M216    ,0
277,f6711b00,  %M217    ,0
278,f6721b00,  %M218    ,0
279,f6731b00,  %M219    ,0
280,f6741b00,  %M220    ,0
281,f6751b00,  %M221    ,0
282,f6761b00,  %M222    ,0
283,f6771b00,  %M223    ,0
284,f6701c00,  %M224    ,0
285,f6711c00,  %M225    ,0
286,f6721c00,  %M226    ,0
287,f6731c00,  %M227    ,0
288,f6741c00,  %M228    ,0
289,f6751c00,  %M229    ,0
290,f6761c00,  %M230    ,0
291,f6771c00,  %M231    ,0
292,f6701d00,  %M232    ,0
293,f6711d00,  %M233    ,0
294,f6721d00,  %M234    ,0
295,f6731d00,  %M235    ,0
296,f6741d00,  %M236    ,0
297,f6751d00,  %M237    ,0
298,f6761d00,  %M238    ,0
299,f6771d00,  %M239    ,0
300,f6701e00,  %M240    ,0
301,f6711e00,  %M241    ,0
302,f6721e00,  %M242    ,0
303,f6731e00,  %M243    ,0
304,f6741e00,  %M244    ,0
305,f6751e00,  %M245    ,0
306,f6761e00,  %M246    ,0
307,f6771e00,  %M247    ,0
308,f6701f00,  %M248    ,0
309,f6711f00,  %M249    ,0
310,f6721f00,  %M250    ,0
311,f6731f00,  %M251    ,0
312,f6741f00,  %M252    ,0
313,f6751f00,  %M253    ,0
314,f6761f00,  %M254    ,0
315,f6771f00,  %M255    ,0
316,f6702000,  %M256    ,0
317,f6712000,  %M257    ,0
318,f6722000,  %M258    ,0
319,f6732000,  %M259    ,0
320,f6742000,  %M260    ,0
321,f6752000,  %M261    ,0
322,f6762000,  %M262    ,0
323,f6772000,  %M263    ,0
324,f6702100,  %M264    ,0
325,f6712100,  %M265    ,0
326,f6722100,  %M266    ,0
327,f6732100,  %M267    ,0
328,f6742100,  %M268    ,0
329,f6752100,  %M269    ,0
330,f6762100,  %M270    ,0
331,f6772100,  %M271    ,0
332,f6702200,  %M272    ,0
333,f6712200,  %M273    ,0
334,f6722200,  %M274    ,0
335,f6732200,  %M275    ,0
336,f6742200,  %M276    ,0
337,f6752200,  %M277    ,0
338,f6762200,  %M278    ,0
339,f6772200,  %M279    ,0
340,f6702300,  %M280    ,0
341,f6712300,  %M281    ,0
342,f6722300,  %M282    ,0
343,f6732300,  %M283    ,0
344,f6742300,  %M284    ,0
345,f6752300,  %M285    ,0
346,f6762300,  %M286    ,0
347,f6772300,  %M287    ,0
348,f6702400,  %M288    ,0
349,f6712400,  %M289    ,0
350,f6722400,  %M290    ,0
351,f6732400,  %M291    ,0
352,f6742400,  %M292    ,0
353,f6752400,  %M293    ,0
354,f6762400,  %M294    ,0
355,f6772400,  %M295    ,0
356,f6702500,  %M296    ,0
357,f6712500,  %M297    ,0
358,f6722500,  %M298    ,0
359,f6732500,  %M299    ,0
360,f6742500,  %M300    ,0
361,f6752500,  %M301    ,0
362,f6762500,  %M302    ,0
363,f6772500,  %M303    ,0
364,f6702600,  %M304    ,0
365,f6712600,  %M305    ,0
366,f6722600,  %M306    ,0
367,f6732600,  %M307    ,0
368,f6742600,  %M308    ,0
369,f6752600,  %M309    ,0
370,f6762600,  %M310    ,0
371,f6772600,  %M311    ,0
372,f6702700,  %M312    ,0
373,f6712700,  %M313    ,0
374,f6722700,  %M314    ,0
375,f6732700,  %M315    ,0
376,f6742700,  %M316    ,0
377,f6752700,  %M317    ,0
378,f6762700,  %M318    ,0
379,f6772700,  %M319    ,0
380,f6702800,  %M320    ,0
381,f6712800,  %M321    ,0
382,f6722800,  %M322    ,0
383,f6732800,  %M323    ,0
384,f6742800,  %M324    ,0
385,f6752800,  %M325    ,0
386,f6762800,  %M326    ,0
387,f6772800,  %M327    ,0
388,f6702900,  %M328    ,0
389,f6712900,  %M329    ,0
390,f6722900,  %M330    ,0
391,f6732900,  %M331    ,0
392,f6742900,  %M332    ,0
393,f6752900,  %M333    ,0
394,f6762900,  %M334    ,0
395,f6772900,  %M335    ,0
396,f6702a00,  %M336    ,0
397,f6712a00,  %M337    ,0
398,f6722a00,  %M338    ,0
399,f6732a00,  %M339    ,0
400,f6742a00,  %M340    ,0
401,f6752a00,  %M341    ,0
402,f6762a00,  %M342    ,0
403,f6772a00,  %M343    ,0
404,f6702b00,  %M344    ,0
405,f6712b00,  %M345    ,0
406,f6722b00,  %M346    ,0
407,f6732b00,  %M347    ,0
408,f6742b00,  %M348    ,0
409,f6752b00,  %M349    ,0
410,f6762b00,  %M350    ,0
411,f6772b00,  %M351    ,0
412,f6702c00,  %M352    ,0
413,f6712c00,  %M353    ,0
414,f6722c00,  %M354    ,0
415,f6732c00,  %M355    ,0
416,f6742c00,  %M356    ,0
417,f6752c00,  %M357    ,0
418,f6762c00,  %M358    ,0
419,f6772c00,  %M359    ,0
420,f6702d00,  %M360    ,0
421,f6712d00,  %M361    ,0
422,f6722d00,  %M362    ,0
423,f6732d00,  %M363    ,0
424,f6742d00,  %M364    ,0
425,f6752d00,  %M365    ,0
426,f6762d00,  %M366    ,0
427,f6772d00,  %M367    ,0
428,f6702e00,  %M368    ,0
429,f6712e00,  %M369    ,0
430,f6722e00,  %M370    ,0
431,f6732e00,  %M371    ,0
432,f6742e00,  %M372    ,0
433,f6752e00,  %M373    ,0
434,f6762e00,  %M374    ,0
435,f6772e00,  %M375    ,0
436,f6702f00,  %M376    ,0
437,f6712f00,  %M377    ,0
438,f6722f00,  %M378    ,0
439,f6732f00,  %M379    ,0
440,f6742f00,  %M380    ,0
441,f6752f00,  %M381    ,0
442,f6762f00,  %M382    ,0
443,f6772f00,  %M383    ,0
444,f6703000,  %M384    ,0
445,f6713000,  %M385    ,0
446,f6723000,  %M386    ,0
447,f6733000,  %M387    ,0
448,f6743000,  %M388    ,0
449,f6753000,  %M389    ,0
450,f6763000,  %M390    ,0
451,f6773000,  %M391    ,0
452,f6703100,  %M392    ,0
453,f6713100,  %M393    ,0
454,f6723100,  %M394    ,0
455,f6733100,  %M395    ,0
456,f6743100,  %M396    ,0
457,f6753100,  %M397    ,0
458,f6763100,  %M398    ,0
459,f6773100,  %M399    ,0
460,f6703200,  %M400    ,0
461,f6713200,  %M401    ,0
462,f6723200,  %M402    ,0
463,f6733200,  %M403    ,0
464,f6743200,  %M404    ,0
465,f6753200,  %M405    ,0
466,f6763200,  %M406    ,0
467,f6773200,  %M407    ,0
468,f6703300,  %M408    ,0
469,f6713300,  %M409    ,0
470,f6723300,  %M410    ,0
471,f6733300,  %M411    ,0
472,f6743300,  %M412    ,0
473,f6753300,  %M413    ,0
474,f6763300,  %M414    ,0
475,f6773300,  %M415    ,0
476,f6703400,  %M416    ,0
477,f6713400,  %M417    ,0
478,f6723400,  %M418    ,0
479,f6733400,  %M419    ,0
480,f6743400,  %M420    ,0
481,f6753400,  %M421    ,0
482,f6763400,  %M422    ,0
483,f6773400,  %M423    ,0
484,f6703500,  %M424    ,0
485,f6713500,  %M425    ,0
486,f6723500,  %M426    ,0
487,f6733500,  %M427    ,0
488,f6743500,  %M428    ,0
489,f6753500,  %M429    ,0
490,f6763500,  %M430    ,0
491,f6773500,  %M431    ,0
492,f6703600,  %M432    ,0
493,f6713600,  %M433    ,0
494,f6723600,  %M434    ,0
495,f6733600,  %M435    ,0
496,f6743600,  %M436    ,0
497,f6753600,  %M437    ,0
498,f6763600,  %M438    ,0
499,f6773600,  %M439    ,0
500,f6703700,  %M440    ,0
501,f6713700,  %M441    ,0
502,f6723700,  %M442    ,0
503,f6733700,  %M443    ,0
504,f6743700,  %M444    ,0
505,f6753700,  %M445    ,0
506,f6763700,  %M446    ,0
507,f6773700,  %M447    ,0
508,f6703800,  %M448    ,0
509,f6713800,  %M449    ,0
510,f6723800,  %M450    ,0
511,f6733800,  %M451    ,0
512,f6743800,  %M452    ,0
513,f6753800,  %M453    ,0
514,f6763800,  %M454    ,0
515,f6773800,  %M455    ,0
516,f6703900,  %M456    ,0
517,f6713900,  %M457    ,0
518,f6723900,  %M458    ,0
519,f6733900,  %M459    ,0
520,f6743900,  %M460    ,0
521,f6753900,  %M461    ,0
522,f6763900,  %M462    ,0
523,f6773900,  %M463    ,0
524,f6703a00,  %M464    ,0
525,f6713a00,  %M465    ,0
526,f6723a00,  %M466    ,0
527,f6733a00,  %M467    ,0
528,f6743a00,  %M468    ,0
529,f6753a00,  %M469    ,0
530,f6763a00,  %M470    ,0
531,f6773a00,  %M471    ,0
532,f6703b00,  %M472    ,0
533,f6713b00,  %M473    ,0
534,f6723b00,  %M474    ,0
535,f6733b00,  %M475    ,0
536,f6743b00,  %M476    ,0
537,f6753b00,  %M477    ,0
538,f6763b00,  %M478    ,0
539,f6773b00,  %M479    ,0
540,f6703c00,  %M480    ,0
541,f6713c00,  %M481    ,0
542,f6723c00,  %M482    ,0
543,f6733c00,  %M483    ,0
544,f6743c00,  %M484    ,0
545,f6753c00,  %M485    ,0
546,f6763c00,  %M486    ,0
547,f6773c00,  %M487    ,0
548,f6703d00,  %M488    ,0
549,f6713d00,  %M489    ,0
550,f6723d00,  %M490    ,0
551,f6733d00,  %M491    ,0
552,f6743d00,  %M492    ,0
553,f6753d00,  %M493    ,0
554,f6763d00,  %M494    ,0
555,f6773d00,  %M495    ,0
556,f6703e00,  %M496    ,0
557,f6713e00,  %M497    ,0
558,f6723e00,  %M498    ,0
559,f6733e00,  %M499    ,0
560,f6743e00,  %M500    ,0
561,f6753e00,  %M501    ,0
562,f6763e00,  %M502    ,0
563,f6773e00,  %M503    ,0
564,f6703f00,  %M504    ,0
565,f6713f00,  %M505    ,0
566,f6723f00,  %M506    ,0
567,f6733f00,  %M507    ,0
568,f6743f00,  %M508    ,0
569,f6753f00,  %M509    ,0
570,f6763f00,  %M510    ,0
571,f6773f00,  %M511    ,0
1084,e2730000,N %M0    ,1
1085,e6730000,N %M1    ,1
1086,ea730000,N %M2    ,1
1087,ee730000,N %M3    ,1
1088,f2730000,N %M4    ,1
1089,fcf67300,STN %M5,1
1090,fa730000,N %M6    ,1
1091,fe730000,N %M7    ,1
1092,e2730100,N %M8    ,1
1093,e6730100,N %M9    ,1
1094,ea730100,N %M10    ,1
1095,ee730100,N %M11    ,1
1096,f2730100,N %M12    ,1
1097,f6730100,N %M13    ,1
1098,fa730100,N %M14    ,1
1099,fe730100,N %M15    ,1
1100,e2730200,N %M16    ,1
1101,e6730200,N %M17    ,1
1102,ea730200,N %M18    ,1
1103,ee730200,N %M19    ,1
1104,f2730200,N %M20    ,1
1105,f6730200,N %M21    ,1
1106,fa730200,N %M22    ,1
1107,fe730200,N %M23    ,1
1108,e2730300,N %M24    ,1
1109,e6730300,N %M25    ,1
1110,ea730300,N %M26    ,1
1111,ee730300,N %M27    ,1
1112,f2730300,N %M28    ,1
1113,f6730300,N %M29    ,1
1114,fa730300,N %M30    ,1
1115,fe730300,N %M31    ,1
1116,e2730400,N %M32    ,1
1117,e6730400,N %M33    ,1
1118,ea730400,N %M34    ,1
1119,ee730400,N %M35    ,1
1120,f2730400,N %M36    ,1
1121,f6730400,N %M37    ,1
1122,fa730400,N %M38    ,1
1123,fe730400,N %M39    ,1
1124,e2730500,N %M40    ,1
1125,e6730500,N %M41    ,1
1126,ea730500,N %M42    ,1
1127,ee730500,N %M43    ,1
1128,f2730500,N %M44    ,1
1129,f6730500,N %M45    ,1
1130,fa730500,N %M46    ,1
1131,fe730500,N %M47    ,1
1132,e2730600,N %M48    ,1
1133,e6730600,N %M49    ,1
1134,ea730600,N %M50    ,1
1135,ee730600,N %M51    ,1
1136,f2730600,N %M52    ,1
1137,f6730600,N %M53    ,1
1138,fa730600,N %M54    ,1
1139,fe730600,N %M55    ,1
1140,e2730700,N %M56    ,1
1141,e6730700,N %M57    ,1
1142,ea730700,N %M58    ,1
1143,ee730700,N %M59    ,1
1144,f2730700,N %M60    ,1
1145,f6730700,N %M61    ,1
1146,fa730700,N %M62    ,1
1147,fe730700,N %M63    ,1
1148,e2730800,N %M64    ,1
1149,e6730800,N %M65    ,1
1150,ea730800,N %M66    ,1
1151,ee730800,N %M67    ,1
1152,f2730800,N %M68    ,1
1153,f6730800,N %M69    ,1
1154,fa730800,N %M70    ,1
1155,fe730800,N %M71    ,1
1156,e2730900,N %M72    ,1
1157,e6730900,N %M73    ,1
1158,ea730900,N %M74    ,1
1159,ee730900,N %M75    ,1
1160,f2730900,N %M76    ,1
1161,f6730900,N %M77    ,1
1162,fa730900,N %M78    ,1
1163,fe730900,N %M79    ,1
1164,e2730a00,N %M80    ,1
1165,e6730a00,N %M81    ,1
1166,ea730a00,N %M82    ,1
1167,ee730a00,N %M83    ,1
1168,f2730a00,N %M84    ,1
1169,f6730a00,N %M85    ,1
1170,fa730a00,N %M86    ,1
1171,fe730a00,N %M87    ,1
1172,e2730b00,N %M88    ,1
1173,e6730b00,N %M89    ,1
1174,ea730b00,N %M90    ,1
1175,ee730b00,N %M91    ,1
1176,f2730b00,N %M92    ,1
1177,f6730b00,N %M93    ,1
1178,fa730b00,N %M94    ,1
1179,fe730b00,N %M95    ,1
1180,e2730c00,N %M96    ,1
1181,e6730c00,N %M97    ,1
1182,ea730c00,N %M98    ,1
1183,ee730c00,N %M99    ,1
1184,f2730c00,N %M100    ,1
1185,f6730c00,N %M101    ,1
1186,fa730c00,N %M102    ,1
1187,fe730c00,N %M103    ,1
1188,e2730d00,N %M104    ,1
1189,e6730d00,N %M105    ,1
1190,ea730d00,N %M106    ,1
1191,ee730d00,N %M107    ,1
1192,f2730d00,N %M108    ,1
1193,f6730d00,N %M109    ,1
1194,fa730d00,N %M110    ,1
1195,fe730d00,N %M111    ,1
1196,e2730e00,N %M112    ,1
1197,e6730e00,N %M113    ,1
1198,ea730e00,N %M114    ,1
1199,ee730e00,N %M115    ,1
1200,f2730e00,N %M116    ,1
1201,f6730e00,N %M117    ,1
1202,fa730e00,N %M118    ,1
1203,fe730e00,N %M119    ,1
1204,e2730f00,N %M120    ,1
1205,e6730f00,N %M121    ,1
1206,ea730f00,N %M122    ,1
1207,ee730f00,N %M123    ,1
1208,f2730f00,N %M124    ,1
1209,f6730f00,N %M125    ,1
1210,fa730f00,N %M126    ,1
1211,fe730f00,N %M127    ,1
1212,e2731000,N %M128    ,1
1213,e6731000,N %M129    ,1
1214,ea731000,N %M130    ,1
1215,ee731000,N %M131    ,1
1216,f2731000,N %M132    ,1
1217,f6731000,N %M133    ,1
1218,fa731000,N %M134    ,1
1219,fe731000,N %M135    ,1
1220,e2731100,N %M136    ,1
1221,e6731100,N %M137    ,1
1222,ea731100,N %M138    ,1
1223,ee731100,N %M139    ,1
1224,f2731100,N %M140    ,1
1225,f6731100,N %M141    ,1
1226,fa731100,N %M142    ,1
1227,fe731100,N %M143    ,1
1228,e2731200,N %M144    ,1
1229,e6731200,N %M145    ,1
1230,ea731200,N %M146    ,1
1231,ee731200,N %M147    ,1
1232,f2731200,N %M148    ,1
1233,f6731200,N %M149    ,1
1234,fa731200,N %M150    ,1
1235,fe731200,N %M151    ,1
1236,e2731300,N %M152    ,1
1237,e6731300,N %M153    ,1
1238,ea731300,N %M154    ,1
1239,ee731300,N %M155    ,1
1240,f2731300,N %M156    ,1
1241,f6731300,N %M157    ,1
1242,fa731300,N %M158    ,1
1243,fe731300,N %M159    ,1
1244,e2731400,N %M160    ,1
1245,e6731400,N %M161    ,1
1246,ea731400,N %M162    ,1
1247,ee731400,N %M163    ,1
1248,f2731400,N %M164    ,1
1249,f6731400,N %M165    ,1
1250,fa731400,N %M166    ,1
1251,fe731400,N %M167    ,1
1252,e2731500,N %M168    ,1
1253,e6731500,N %M169    ,1
1254,ea731500,N %M170    ,1
1255,ee731500,N %M171    ,1
1256,f2731500,N %M172    ,1
1257,f6731500,N %M173    ,1
1258,fa731500,N %M174    ,1
1259,fe731500,N %M175    ,1
1260,e2731600,N %M176    ,1
1261,e6731600,N %M177    ,1
1262,ea731600,N %M178    ,1
1263,ee731600,N %M179    ,1
1264,f2731600,N %M180    ,1
1265,f6731600,N %M181    ,1
1266,fa731600,N %M182    ,1
1267,fe731600,N %M183    ,1
1268,e2731700,N %M184    ,1
1269,e6731700,N %M185    ,1
1270,ea731700,N %M186    ,1
1271,ee731700,N %M187    ,1
1272,f2731700,N %M188    ,1
1273,f6731700,N %M189    ,1
1274,fa731700,N %M190    ,1
1275,fe731700,N %M191    ,1
1276,e2731800,N %M192    ,1
1277,e6731800,N %M193    ,1
1278,ea731800,N %M194    ,1
1279,ee731800,N %M195    ,1
1280,f2731800,N %M196    ,1
1281,f6731800,N %M197    ,1
1282,fa731800,N %M198    ,1
1283,fe731800,N %M199    ,1
1284,e2731900,N %M200    ,1
1285,e6731900,N %M201    ,1
1286,ea731900,N %M202    ,1
1287,ee731900,N %M203    ,1
1288,f2731900,N %M204    ,1
1289,f6731900,N %M205    ,1
1290,fa731900,N %M206    ,1
1291,fe731900,N %M207    ,1
1292,e2731a00,N %M208    ,1
1293,e6731a00,N %M209    ,1
1294,ea731a00,N %M210    ,1
1295,ee731a00,N %M211    ,1
1296,f2731a00,N %M212    ,1
1297,f6731a00,N %M213    ,1
1298,fa731a00,N %M214    ,1
1299,fe731a00,N %M215    ,1
1300,e2731b00,N %M216    ,1
1301,e6731b00,N %M217    ,1
1302,ea731b00,N %M218    ,1
1303,ee731b00,N %M219    ,1
1304,f2731b00,N %M220    ,1
1305,f6731b00,N %M221    ,1
1306,fa731b00,N %M222    ,1
1307,fe731b00,N %M223    ,1
1308,e2731c00,N %M224    ,1
1309,e6731c00,N %M225    ,1
1310,ea731c00,N %M226    ,1
1311,ee731c00,N %M227    ,1
1312,f2731c00,N %M228    ,1
1313,f6731c00,N %M229    ,1
1314,fa731c00,N %M230    ,1
1315,fe731c00,N %M231    ,1
1316,e2731d00,N %M232    ,1
1317,e6731d00,N %M233    ,1
1318,ea731d00,N %M234    ,1
1319,ee731d00,N %M235    ,1
1320,f2731d00,N %M236    ,1
1321,f6731d00,N %M237    ,1
1322,fa731d00,N %M238    ,1
1323,fe731d00,N %M239    ,1
1324,e2731e00,N %M240    ,1
1325,e6731e00,N %M241    ,1
1326,ea731e00,N %M242    ,1
1327,ee731e00,N %M243    ,1
1328,f2731e00,N %M244    ,1
1329,f6731e00,N %M245    ,1
1330,fa731e00,N %M246    ,1
1331,fe731e00,N %M247    ,1
1332,e2731f00,N %M248    ,1
1333,e6731f00,N %M249    ,1
1334,ea731f00,N %M250    ,1
1335,ee731f00,N %M251    ,1
1336,f2731f00,N %M252    ,1
1337,f6731f00,N %M253    ,1
1338,fa731f00,N %M254    ,1
1339,fe731f00,N %M255    ,1
1340,e2732000,N %M256    ,1
1341,e6732000,N %M257    ,1
1342,ea732000,N %M258    ,1
1343,ee732000,N %M259    ,1
1344,f2732000,N %M260    ,1
1345,f6732000,N %M261    ,1
1346,fa732000,N %M262    ,1
1347,fe732000,N %M263    ,1
1348,e2732100,N %M264    ,1
1349,e6732100,N %M265    ,1
1350,ea732100,N %M266    ,1
1351,ee732100,N %M267    ,1
1352,f2732100,N %M268    ,1
1353,f6732100,N %M269    ,1
1354,fa732100,N %M270    ,1
1355,fe732100,N %M271    ,1
1356,e2732200,N %M272    ,1
1357,e6732200,N %M273    ,1
1358,ea732200,N %M274    ,1
1359,ee732200,N %M275    ,1
1360,f2732200,N %M276    ,1
1361,f6732200,N %M277    ,1
1362,fa732200,N %M278    ,1
1363,fe732200,N %M279    ,1
1364,e2732300,N %M280    ,1
1365,e6732300,N %M281    ,1
1366,ea732300,N %M282    ,1
1367,ee732300,N %M283    ,1
1368,f2732300,N %M284    ,1
1369,f6732300,N %M285    ,1
1370,fa732300,N %M286    ,1
1371,fe732300,N %M287    ,1
1372,e2732400,N %M288    ,1
1373,e6732400,N %M289    ,1
1374,ea732400,N %M290    ,1
1375,ee732400,N %M291    ,1
1376,f2732400,N %M292    ,1
1377,f6732400,N %M293    ,1
1378,fa732400,N %M294    ,1
1379,fe732400,N %M295    ,1
1380,e2732500,N %M296    ,1
1381,e6732500,N %M297    ,1
1382,ea732500,N %M298    ,1
1383,ee732500,N %M299    ,1
1384,f2732500,N %M300    ,1
1385,f6732500,N %M301    ,1
1386,fa732500,N %M302    ,1
1387,fe732500,N %M303    ,1
1388,e2732600,N %M304    ,1
1389,e6732600,N %M305    ,1
1390,ea732600,N %M306    ,1
1391,ee732600,N %M307    ,1
1392,f2732600,N %M308    ,1
1393,f6732600,N %M309    ,1
1394,fa732600,N %M310    ,1
1395,fe732600,N %M311    ,1
1396,e2732700,N %M312    ,1
1397,e6732700,N %M313    ,1
1398,ea732700,N %M314    ,1
1399,ee732700,N %M315    ,1
1400,f2732700,N %M316    ,1
1401,f6732700,N %M317    ,1
1402,fa732700,N %M318    ,1
1403,fe732700,N %M319    ,1
1404,e2732800,N %M320    ,1
1405,e6732800,N %M321    ,1
1406,ea732800,N %M322    ,1
1407,ee732800,N %M323    ,1
1408,f2732800,N %M324    ,1
1409,f6732800,N %M325    ,1
1410,fa732800,N %M326    ,1
1411,fe732800,N %M327    ,1
1412,e2732900,N %M328    ,1
1413,e6732900,N %M329    ,1
1414,ea732900,N %M330    ,1
1415,ee732900,N %M331    ,1
1416,f2732900,N %M332    ,1
1417,f6732900,N %M333    ,1
1418,fa732900,N %M334    ,1
1419,fe732900,N %M335    ,1
1420,e2732a00,N %M336    ,1
1421,e6732a00,N %M337    ,1
1422,ea732a00,N %M338    ,1
1423,ee732a00,N %M339    ,1
1424,f2732a00,N %M340    ,1
1425,f6732a00,N %M341    ,1
1426,fa732a00,N %M342    ,1
1427,fe732a00,N %M343    ,1
1428,e2732b00,N %M344    ,1
1429,e6732b00,N %M345    ,1
1430,ea732b00,N %M346    ,1
1431,ee732b00,N %M347    ,1
1432,f2732b00,N %M348    ,1
1433,f6732b00,N %M349    ,1
1434,fa732b00,N %M350    ,1
1435,fe732b00,N %M351    ,1
1436,e2732c00,N %M352    ,1
1437,e6732c00,N %M353    ,1
1438,ea732c00,N %M354    ,1
1439,ee732c00,N %M355    ,1
1440,f2732c00,N %M356    ,1
1441,f6732c00,N %M357    ,1
1442,fa732c00,N %M358    ,1
1443,fe732c00,N %M359    ,1
1444,e2732d00,N %M360    ,1
1445,e6732d00,N %M361    ,1
1446,ea732d00,N %M362    ,1
1447,ee732d00,N %M363    ,1
1448,f2732d00,N %M364    ,1
1449,f6732d00,N %M365    ,1
1450,fa732d00,N %M366    ,1
1451,fe732d00,N %M367    ,1
1452,e2732e00,N %M368    ,1
1453,e6732e00,N %M369    ,1
1454,ea732e00,N %M370    ,1
1455,ee732e00,N %M371    ,1
1456,f2732e00,N %M372    ,1
1457,f6732e00,N %M373    ,1
1458,fa732e00,N %M374    ,1
1459,fe732e00,N %M375    ,1
1460,e2732f00,N %M376    ,1
1461,e6732f00,N %M377    ,1
1462,ea732f00,N %M378    ,1
1463,ee732f00,N %M379    ,1
1464,f2732f00,N %M380    ,1
1465,f6732f00,N %M381    ,1
1466,fa732f00,N %M382    ,1
1467,fe732f00,N %M383    ,1
1468,e2733000,N %M384    ,1
1469,e6733000,N %M385    ,1
1470,ea733000,N %M386    ,1
1471,ee733000,N %M387    ,1
1472,f2733000,N %M388    ,1
1473,f6733000,N %M389    ,1
1474,fa733000,N %M390    ,1
1475,fe733000,N %M391    ,1
1476,e2733100,N %M392    ,1
1477,e6733100,N %M393    ,1
1478,ea733100,N %M394    ,1
1479,ee733100,N %M395    ,1
1480,f2733100,N %M396    ,1
1481,f6733100,N %M397    ,1
1482,fa733100,N %M398    ,1
1483,fe733100,N %M399    ,1
1484,e2733200,N %M400    ,1
1485,e6733200,N %M401    ,1
1486,ea733200,N %M402    ,1
1487,ee733200,N %M403    ,1
1488,f2733200,N %M404    ,1
1489,f6733200,N %M405    ,1
1490,fa733200,N %M406    ,1
1491,fe733200,N %M407    ,1
1492,e2733300,N %M408    ,1
1493,e6733300,N %M409    ,1
1494,ea733300,N %M410    ,1
1495,ee733300,N %M411    ,1
1496,f2733300,N %M412    ,1
1497,f6733300,N %M413    ,1
1498,fa733300,N %M414    ,1
1499,fe733300,N %M415    ,1
1500,e2733400,N %M416    ,1
1501,e6733400,N %M417    ,1
1502,ea733400,N %M418    ,1
1503,ee733400,N %M419    ,1
1504,f2733400,N %M420    ,1
1505,f6733400,N %M421    ,1
1506,fa733400,N %M422    ,1
1507,fe733400,N %M423    ,1
1508,e2733500,N %M424    ,1
1509,e6733500,N %M425    ,1
1510,ea733500,N %M426    ,1
1511,ee733500,N %M427    ,1
1512,f2733500,N %M428    ,1
1513,f6733500,N %M429    ,1
1514,fa733500,N %M430    ,1
1515,fe733500,N %M431    ,1
1516,e2733600,N %M432    ,1
1517,e6733600,N %M433    ,1
1518,ea733600,N %M434    ,1
1519,ee733600,N %M435    ,1
1520,f2733600,N %M436    ,1
1521,f6733600,N %M437    ,1
1522,fa733600,N %M438    ,1
1523,fe733600,N %M439    ,1
1524,e2733700,N %M440    ,1
1525,e6733700,N %M441    ,1
1526,ea733700,N %M442    ,1
1527,ee733700,N %M443    ,1
1528,f2733700,N %M444    ,1
1529,f6733700,N %M445    ,1
1530,fa733700,N %M446    ,1
1531,fe733700,N %M447    ,1
1532,e2733800,N %M448    ,1
1533,e6733800,N %M449    ,1
1534,ea733800,N %M450    ,1
1535,ee733800,N %M451    ,1
1536,f2733800,N %M452    ,1
1537,f6733800,N %M453    ,1
1538,fa733800,N %M454    ,1
1539,fe733800,N %M455    ,1
1540,e2733900,N %M456    ,1
1541,e6733900,N %M457    ,1
1542,ea733900,N %M458    ,1
1543,ee733900,N %M459    ,1
1544,f2733900,N %M460    ,1
1545,f6733900,N %M461    ,1
1546,fa733900,N %M462    ,1
1547,fe733900,N %M463    ,1
1548,e2733a00,N %M464    ,1
1549,e6733a00,N %M465    ,1
1550,ea733a00,N %M466    ,1
1551,ee733a00,N %M467    ,1
1552,f2733a00,N %M468    ,1
1553,f6733a00,N %M469    ,1
1554,fa733a00,N %M470    ,1
1555,fe733a00,N %M471    ,1
1556,e2733b00,N %M472    ,1
1557,e6733b00,N %M473    ,1
1558,ea733b00,N %M474    ,1
1559,ee733b00,N %M475    ,1
1560,f2733b00,N %M476    ,1
1561,f6733b00,N %M477    ,1
1562,fa733b00,N %M478    ,1
1563,fe733b00,N %M479    ,1
1564,e2733c00,N %M480    ,1
1565,e6733c00,N %M481    ,1
1566,ea733c00,N %M482    ,1
1567,ee733c00,N %M483    ,1
1568,f2733c00,N %M484    ,1
1569,f6733c00,N %M485    ,1
1570,fa733c00,N %M486    ,1
1571,fe733c00,N %M487    ,1
1572,e2733d00,N %M488    ,1
1573,e6733d00,N %M489    ,1
1574,ea733d00,N %M490    ,1
1575,ee733d00,N %M491    ,1
1576,f2733d00,N %M492    ,1
1577,f6733d00,N %M493    ,1
1578,fa733d00,N %M494    ,1
1579,fe733d00,N %M495    ,1
1580,e2733e00,N %M496    ,1
1581,e6733e00,N %M497    ,1
1582,ea733e00,N %M498    ,1
1583,ee733e00,N %M499    ,1
1584,f2733e00,N %M500    ,1
1585,f6733e00,N %M501    ,1
1586,fa733e00,N %M502    ,1
1587,fe733e00,N %M503    ,1
1588,e2733f00,N %M504    ,1
1589,e6733f00,N %M505    ,1
1590,ea733f00,N %M506    ,1
1591,ee733f00,N %M507    ,1
1592,f2733f00,N %M508    ,1
1593,f6733f00,N %M509    ,1
1594,fa733f00,N %M510    ,1
1595,fe733f00,N %M511    ,1
1596,e2720000,  %M0    ,1
1597,e6720000,  %M1    ,1
1598,ea720000,  %M2    ,1
1599,ee720000,  %M3    ,1
1600,f2720000,  %M4    ,1
1601,f6720000,  %M5    ,1
1602,fa720000,  %M6    ,1
1603,fe720000,  %M7    ,1
1604,e2720100,  %M8    ,1
1605,e6720100,  %M9    ,1
1606,ea720100,  %M10    ,1
1607,ee720100,  %M11    ,1
1608,f2720100,  %M12    ,1
1609,f6720100,  %M13    ,1
1610,fa720100,  %M14    ,1
1611,fe720100,  %M15    ,1
1612,e2720200,  %M16    ,1
1613,e6720200,  %M17    ,1
1614,ea720200,  %M18    ,1
1615,ee720200,  %M19    ,1
1616,f2720200,  %M20    ,1
1617,f6720200,  %M21    ,1
1618,fa720200,  %M22    ,1
1619,fe720200,  %M23    ,1
1620,e2720300,  %M24    ,1
1621,e6720300,  %M25    ,1
1622,ea720300,  %M26    ,1
1623,ee720300,  %M27    ,1
1624,f2720300,  %M28    ,1
1625,f6720300,  %M29    ,1
1626,fa720300,  %M30    ,1
1627,fe720300,  %M31    ,1
1628,e2720400,  %M32    ,1
1629,e6720400,  %M33    ,1
1630,ea720400,  %M34    ,1
1631,ee720400,  %M35    ,1
1632,f2720400,  %M36    ,1
1633,f6720400,  %M37    ,1
1634,fa720400,  %M38    ,1
1635,fe720400,  %M39    ,1
1636,e2720500,  %M40    ,1
1637,e6720500,  %M41    ,1
1638,ea720500,  %M42    ,1
1639,ee720500,  %M43    ,1
1640,f2720500,  %M44    ,1
1641,f6720500,  %M45    ,1
1642,fa720500,  %M46    ,1
1643,fe720500,  %M47    ,1
1644,e2720600,  %M48    ,1
1645,e6720600,  %M49    ,1
1646,ea720600,  %M50    ,1
1647,ee720600,  %M51    ,1
1648,f2720600,  %M52    ,1
1649,f6720600,  %M53    ,1
1650,fa720600,  %M54    ,1
1651,fe720600,  %M55    ,1
1652,e2720700,  %M56    ,1
1653,e6720700,  %M57    ,1
1654,ea720700,  %M58    ,1
1655,ee720700,  %M59    ,1
1656,f2720700,  %M60    ,1
1657,f6720700,  %M61    ,1
1658,fa720700,  %M62    ,1
1659,fe720700,  %M63    ,1
1660,e2720800,  %M64    ,1
1661,e6720800,  %M65    ,1
1662,ea720800,  %M66    ,1
1663,ee720800,  %M67    ,1
1664,f2720800,  %M68    ,1
1665,f6720800,  %M69    ,1
1666,fa720800,  %M70    ,1
1667,fe720800,  %M71    ,1
1668,e2720900,  %M72    ,1
1669,e6720900,  %M73    ,1
1670,ea720900,  %M74    ,1
1671,ee720900,  %M75    ,1
1672,f2720900,  %M76    ,1
1673,f6720900,  %M77    ,1
1674,fa720900,  %M78    ,1
1675,fe720900,  %M79    ,1
1676,e2720a00,  %M80    ,1
1677,e6720a00,  %M81    ,1
1678,ea720a00,  %M82    ,1
1679,ee720a00,  %M83    ,1
1680,f2720a00,  %M84    ,1
1681,f6720a00,  %M85    ,1
1682,fa720a00,  %M86    ,1
1683,fe720a00,  %M87    ,1
1684,e2720b00,  %M88    ,1
1685,e6720b00,  %M89    ,1
1686,ea720b00,  %M90    ,1
1687,ee720b00,  %M91    ,1
1688,f2720b00,  %M92    ,1
1689,f6720b00,  %M93    ,1
1690,fa720b00,  %M94    ,1
1691,fe720b00,  %M95    ,1
1692,e2720c00,  %M96    ,1
1693,e6720c00,  %M97    ,1
1694,ea720c00,  %M98    ,1
1695,ee720c00,  %M99    ,1
1696,f2720c00,  %M100    ,1
1697,f6720c00,  %M101    ,1
1698,fa720c00,  %M102    ,1
1699,fe720c00,  %M103    ,1
1700,e2720d00,  %M104    ,1
1701,e6720d00,  %M105    ,1
1702,ea720d00,  %M106    ,1
1703,ee720d00,  %M107    ,1
1704,f2720d00,  %M108    ,1
1705,f6720d00,  %M109    ,1
1706,fa720d00,  %M110    ,1
1707,fe720d00,  %M111    ,1
1708,e2720e00,  %M112    ,1
1709,e6720e00,  %M113    ,1
1710,ea720e00,  %M114    ,1
1711,ee720e00,  %M115    ,1
1712,f2720e00,  %M116    ,1
1713,f6720e00,  %M117    ,1
1714,fa720e00,  %M118    ,1
1715,fe720e00,  %M119    ,1
1716,e2720f00,  %M120    ,1
1717,e6720f00,  %M121    ,1
1718,ea720f00,  %M122    ,1
1719,ee720f00,  %M123    ,1
1720,f2720f00,  %M124    ,1
1721,f6720f00,  %M125    ,1
1722,fa720f00,  %M126    ,1
1723,fe720f00,  %M127    ,1
1724,e2721000,  %M128    ,1
1725,e6721000,  %M129    ,1
1726,ea721000,  %M130    ,1
1727,ee721000,  %M131    ,1
1728,f2721000,  %M132    ,1
1729,f6721000,  %M133    ,1
1730,fa721000,  %M134    ,1
1731,fe721000,  %M135    ,1
1732,e2721100,  %M136    ,1
1733,e6721100,  %M137    ,1
1734,ea721100,  %M138    ,1
1735,ee721100,  %M139    ,1
1736,f2721100,  %M140    ,1
1737,f6721100,  %M141    ,1
1738,fa721100,  %M142    ,1
1739,fe721100,  %M143    ,1
1740,e2721200,  %M144    ,1
1741,e6721200,  %M145    ,1
1742,ea721200,  %M146    ,1
1743,ee721200,  %M147    ,1
1744,f2721200,  %M148    ,1
1745,f6721200,  %M149    ,1
1746,fa721200,  %M150    ,1
1747,fe721200,  %M151    ,1
1748,e2721300,  %M152    ,1
1749,e6721300,  %M153    ,1
1750,ea721300,  %M154    ,1
1751,ee721300,  %M155    ,1
1752,f2721300,  %M156    ,1
1753,f6721300,  %M157    ,1
1754,fa721300,  %M158    ,1
1755,fe721300,  %M159    ,1
1756,e2721400,  %M160    ,1
1757,e6721400,  %M161    ,1
1758,ea721400,  %M162    ,1
1759,ee721400,  %M163    ,1
1760,f2721400,  %M164    ,1
1761,f6721400,  %M165    ,1
1762,fa721400,  %M166    ,1
1763,fe721400,  %M167    ,1
1764,e2721500,  %M168    ,1
1765,e6721500,  %M169    ,1
1766,ea721500,  %M170    ,1
1767,ee721500,  %M171    ,1
1768,f2721500,  %M172    ,1
1769,f6721500,  %M173    ,1
1770,fa721500,  %M174    ,1
1771,fe721500,  %M175    ,1
1772,e2721600,  %M176    ,1
1773,e6721600,  %M177    ,1
1774,ea721600,  %M178    ,1
1775,ee721600,  %M179    ,1
1776,f2721600,  %M180    ,1
1777,f6721600,  %M181    ,1
1778,fa721600,  %M182    ,1
1779,fe721600,  %M183    ,1
1780,e2721700,  %M184    ,1
1781,e6721700,  %M185    ,1
1782,ea721700,  %M186    ,1
1783,ee721700,  %M187    ,1
1784,f2721700,  %M188    ,1
1785,f6721700,  %M189    ,1
1786,fa721700,  %M190    ,1
1787,fe721700,  %M191    ,1
1788,e2721800,  %M192    ,1
1789,e6721800,  %M193    ,1
1790,ea721800,  %M194    ,1
1791,ee721800,  %M195    ,1
1792,f2721800,  %M196    ,1
1793,f6721800,  %M197    ,1
1794,fa721800,  %M198    ,1
1795,fe721800,  %M199    ,1
1796,e2721900,  %M200    ,1
1797,e6721900,  %M201    ,1
1798,ea721900,  %M202    ,1
1799,ee721900,  %M203    ,1
1800,f2721900,  %M204    ,1
1801,f6721900,  %M205    ,1
1802,fa721900,  %M206    ,1
1803,fe721900,  %M207    ,1
1804,e2721a00,  %M208    ,1
1805,e6721a00,  %M209    ,1
1806,ea721a00,  %M210    ,1
1807,ee721a00,  %M211    ,1
1808,f2721a00,  %M212    ,1
1809,f6721a00,  %M213    ,1
1810,fa721a00,  %M214    ,1
1811,fe721a00,  %M215    ,1
1812,e2721b00,  %M216    ,1
1813,e6721b00,  %M217    ,1
1814,ea721b00,  %M218    ,1
1815,ee721b00,  %M219    ,1
1816,f2721b00,  %M220    ,1
1817,f6721b00,  %M221    ,1
1818,fa721b00,  %M222    ,1
1819,fe721b00,  %M223    ,1
1820,e2721c00,  %M224    ,1
1821,e6721c00,  %M225    ,1
1822,ea721c00,  %M226    ,1
1823,ee721c00,  %M227    ,1
1824,f2721c00,  %M228    ,1
1825,f6721c00,  %M229    ,1
1826,fa721c00,  %M230    ,1
1827,fe721c00,  %M231    ,1
1828,e2721d00,  %M232    ,1
1829,e6721d00,  %M233    ,1
1830,ea721d00,  %M234    ,1
1831,ee721d00,  %M235    ,1
1832,f2721d00,  %M236    ,1
1833,f6721d00,  %M237    ,1
1834,fa721d00,  %M238    ,1
1835,fe721d00,  %M239    ,1
1836,e2721e00,  %M240    ,1
1837,e6721e00,  %M241    ,1
1838,ea721e00,  %M242    ,1
1839,ee721e00,  %M243    ,1
1840,f2721e00,  %M244    ,1
1841,f6721e00,  %M245    ,1
1842,fa721e00,  %M246    ,1
1843,fe721e00,  %M247    ,1
1844,e2721f00,  %M248    ,1
1845,e6721f00,  %M249    ,1
1846,ea721f00,  %M250    ,1
1847,ee721f00,  %M251    ,1
1848,f2721f00,  %M252    ,1
1849,f6721f00,  %M253    ,1
1850,fa721f00,  %M254    ,1
1851,fe721f00,  %M255    ,1
1852,e2722000,  %M256    ,1
1853,e6722000,  %M257    ,1
1854,ea722000,  %M258    ,1
1855,ee722000,  %M259    ,1
1856,f2722000,  %M260    ,1
1857,f6722000,  %M261    ,1
1858,fa722000,  %M262    ,1
1859,fe722000,  %M263    ,1
1860,e2722100,  %M264    ,1
1861,e6722100,  %M265    ,1
1862,ea722100,  %M266    ,1
1863,ee722100,  %M267    ,1
1864,f2722100,  %M268    ,1
1865,f6722100,  %M269    ,1
1866,fa722100,  %M270    ,1
1867,fe722100,  %M271    ,1
1868,e2722200,  %M272    ,1
1869,e6722200,  %M273    ,1
1870,ea722200,  %M274    ,1
1871,ee722200,  %M275    ,1
1872,f2722200,  %M276    ,1
1873,f6722200,  %M277    ,1
1874,fa722200,  %M278    ,1
1875,fe722200,  %M279    ,1
1876,e2722300,  %M280    ,1
1877,e6722300,  %M281    ,1
1878,ea722300,  %M282    ,1
1879,ee722300,  %M283    ,1
1880,f2722300,  %M284    ,1
1881,f6722300,  %M285    ,1
1882,fa722300,  %M286    ,1
1883,fe722300,  %M287    ,1
1884,e2722400,  %M288    ,1
1885,e6722400,  %M289    ,1
1886,ea722400,  %M290    ,1
1887,ee722400,  %M291    ,1
1888,f2722400,  %M292    ,1
1889,f6722400,  %M293    ,1
1890,fa722400,  %M294    ,1
1891,fe722400,  %M295    ,1
1892,e2722500,  %M296    ,1
1893,e6722500,  %M297    ,1
1894,ea722500,  %M298    ,1
1895,ee722500,  %M299    ,1
1896,f2722500,  %M300    ,1
1897,f6722500,  %M301    ,1
1898,fa722500,  %M302    ,1
1899,fe722500,  %M303    ,1
1900,e2722600,  %M304    ,1
1901,e6722600,  %M305    ,1
1902,ea722600,  %M306    ,1
1903,ee722600,  %M307    ,1
1904,f2722600,  %M308    ,1
1905,f6722600,  %M309    ,1
1906,fa722600,  %M310    ,1
1907,fe722600,  %M311    ,1
1908,e2722700,  %M312    ,1
1909,e6722700,  %M313    ,1
1910,ea722700,  %M314    ,1
1911,ee722700,  %M315    ,1
1912,f2722700,  %M316    ,1
1913,f6722700,  %M317    ,1
1914,fa722700,  %M318    ,1
1915,fe722700,  %M319    ,1
1916,e2722800,  %M320    ,1
1917,e6722800,  %M321    ,1
1918,ea722800,  %M322    ,1
1919,ee722800,  %M323    ,1
1920,f2722800,  %M324    ,1
1921,f6722800,  %M325    ,1
1922,fa722800,  %M326    ,1
1923,fe722800,  %M327    ,1
1924,e2722900,  %M328    ,1
1925,e6722900,  %M329    ,1
1926,ea722900,  %M330    ,1
1927,ee722900,  %M331    ,1
1928,f2722900,  %M332    ,1
1929,f6722900,  %M333    ,1
1930,fa722900,  %M334    ,1
1931,fe722900,  %M335    ,1
1932,e2722a00,  %M336    ,1
1933,e6722a00,  %M337    ,1
1934,ea722a00,  %M338    ,1
1935,ee722a00,  %M339    ,1
1936,f2722a00,  %M340    ,1
1937,f6722a00,  %M341    ,1
1938,fa722a00,  %M342    ,1
1939,fe722a00,  %M343    ,1
1940,e2722b00,  %M344    ,1
1941,e6722b00,  %M345    ,1
1942,ea722b00,  %M346    ,1
1943,ee722b00,  %M347    ,1
1944,f2722b00,  %M348    ,1
1945,f6722b00,  %M349    ,1
1946,fa722b00,  %M350    ,1
1947,fe722b00,  %M351    ,1
1948,e2722c00,  %M352    ,1
1949,e6722c00,  %M353    ,1
1950,ea722c00,  %M354    ,1
1951,ee722c00,  %M355    ,1
1952,f2722c00,  %M356    ,1
1953,f6722c00,  %M357    ,1
1954,fa722c00,  %M358    ,1
1955,fe722c00,  %M359    ,1
1956,e2722d00,  %M360    ,1
1957,e6722d00,  %M361    ,1
1958,ea722d00,  %M362    ,1
1959,ee722d00,  %M363    ,1
1960,f2722d00,  %M364    ,1
1961,f6722d00,  %M365    ,1
1962,fa722d00,  %M366    ,1
1963,fe722d00,  %M367    ,1
1964,e2722e00,  %M368    ,1
1965,e6722e00,  %M369    ,1
1966,ea722e00,  %M370    ,1
1967,ee722e00,  %M371    ,1
1968,f2722e00,  %M372    ,1
1969,f6722e00,  %M373    ,1
1970,fa722e00,  %M374    ,1
1971,fe722e00,  %M375    ,1
1972,e2722f00,  %M376    ,1
1973,e6722f00,  %M377    ,1
1974,ea722f00,  %M378    ,1
1975,ee722f00,  %M379    ,1
1976,f2722f00,  %M380    ,1
1977,f6722f00,  %M381    ,1
1978,fa722f00,  %M382    ,1
1979,fe722f00,  %M383    ,1
1980,e2723000,  %M384    ,1
1981,e6723000,  %M385    ,1
1982,ea723000,  %M386    ,1
1983,ee723000,  %M387    ,1
1984,f2723000,  %M388    ,1
1985,f6723000,  %M389    ,1
1986,fa723000,  %M390    ,1
1987,fe723000,  %M391    ,1
1988,e2723100,  %M392    ,1
1989,e6723100,  %M393    ,1
1990,ea723100,  %M394    ,1
1991,ee723100,  %M395    ,1
1992,f2723100,  %M396    ,1
1993,f6723100,  %M397    ,1
1994,fa723100,  %M398    ,1
1995,fe723100,  %M399    ,1
1996,e2723200,  %M400    ,1
1997,e6723200,  %M401    ,1
1998,ea723200,  %M402    ,1
1999,ee723200,  %M403    ,1
2000,f2723200,  %M404    ,1
2001,f6723200,  %M405    ,1
2002,fa723200,  %M406    ,1
2003,fe723200,  %M407    ,1
2004,e2723300,  %M408    ,1
2005,e6723300,  %M409    ,1
2006,ea723300,  %M410    ,1
2007,ee723300,  %M411    ,1
2008,f2723300,  %M412    ,1
2009,f6723300,  %M413    ,1
2010,fa723300,  %M414    ,1
2011,fe723300,  %M415    ,1
2012,e2723400,  %M416    ,1
2013,e6723400,  %M417    ,1
2014,ea723400,  %M418    ,1
2015,ee723400,  %M419    ,1
2016,f2723400,  %M420    ,1
2017,f6723400,  %M421    ,1
2018,fa723400,  %M422    ,1
2019,fe723400,  %M423    ,1
2020,e2723500,  %M424    ,1
2021,e6723500,  %M425    ,1
2022,ea723500,  %M426    ,1
2023,ee723500,  %M427    ,1
2024,f2723500,  %M428    ,1
2025,f6723500,  %M429    ,1
2026,fa723500,  %M430    ,1
2027,fe723500,  %M431    ,1
2028,e2723600,  %M432    ,1
2029,e6723600,  %M433    ,1
2030,ea723600,  %M434    ,1
2031,ee723600,  %M435    ,1
2032,f2723600,  %M436    ,1
2033,f6723600,  %M437    ,1
2034,fa723600,  %M438    ,1
2035,fe723600,  %M439    ,1
2036,e2723700,  %M440    ,1
2037,e6723700,  %M441    ,1
2038,ea723700,  %M442    ,1
2039,ee723700,  %M443    ,1
2040,f2723700,  %M444    ,1
2041,f6723700,  %M445    ,1
2042,fa723700,  %M446    ,1
2043,fe723700,  %M447    ,1
2044,e2723800,  %M448    ,1
2045,e6723800,  %M449    ,1
2046,ea723800,  %M450    ,1
2047,ee723800,  %M451    ,1
2048,f2723800,  %M452    ,1
2049,f6723800,  %M453    ,1
2050,fa723800,  %M454    ,1
2051,fe723800,  %M455    ,1
2052,e2723900,  %M456    ,1
2053,e6723900,  %M457    ,1
2054,ea723900,  %M458    ,1
2055,ee723900,  %M459    ,1
2056,f2723900,  %M460    ,1
2057,f6723900,  %M461    ,1
2058,fa723900,  %M462    ,1
2059,fe723900,  %M463    ,1
2060,e2723a00,  %M464    ,1
2061,e6723a00,  %M465    ,1
2062,ea723a00,  %M466    ,1
2063,ee723a00,  %M467    ,1
2064,f2723a00,  %M468    ,1
2065,f6723a00,  %M469    ,1
2066,fa723a00,  %M470    ,1
2067,fe723a00,  %M471    ,1
2068,e2723b00,  %M472    ,1
2069,e6723b00,  %M473    ,1
2070,ea723b00,  %M474    ,1
2071,ee723b00,  %M475    ,1
2072,f2723b00,  %M476    ,1
2073,f6723b00,  %M477    ,1
2074,fa723b00,  %M478    ,1
2075,fe723b00,  %M479    ,1
2076,e2723c00,  %M480    ,1
2077,e6723c00,  %M481    ,1
2078,ea723c00,  %M482    ,1
2079,ee723c00,  %M483    ,1
2080,f2723c00,  %M484    ,1
2081,f6723c00,  %M485    ,1
2082,fa723c00,  %M486    ,1
2083,fe723c00,  %M487    ,1
2084,e2723d00,  %M488    ,1
2085,e6723d00,  %M489    ,1
2086,ea723d00,  %M490    ,1
2087,ee723d00,  %M491    ,1
2088,f2723d00,  %M492    ,1
2089,f6723d00,  %M493    ,1
2090,fa723d00,  %M494    ,1
2091,fe723d00,  %M495    ,1
2092,e2723e00,  %M496    ,1
2093,e6723e00,  %M497    ,1
2094,ea723e00,  %M498    ,1
2095,ee723e00,  %M499    ,1
2096,f2723e00,  %M500    ,1
2097,f6723e00,  %M501    ,1
2098,fa723e00,  %M502    ,1
2099,fe723e00,  %M503    ,1
2100,e2723f00,  %M504    ,1
2101,e6723f00,  %M505    ,1
2102,ea723f00,  %M506    ,1
2103,ee723f00,  %M507    ,1
2104,f2723f00,  %M508    ,1
2105,f6723f00,  %M509    ,1
2106,fa723f00,  %M510    ,1
2107,fe723f00,  %M511    ,1
2108,ce7e00007e0e7c0e,N %M0    ,0
2109,ce7e00007e0e7c1e,N %M1    ,0
2110,ce7e00007e0e7c2e,N %M2    ,0
2111,ce7e00007e0e7c3e,N %M3    ,0
2112,ce7e00007e0e7c4e,N %M4    ,0
2113,ce7e00007e0e7c5e,N %M5    ,0
2114,ce7e00007e0e7c6e,N %M6    ,0
2115,ce7e00007e0e7c7e,N %M7    ,0
2116,ce7e01007e0e7c0e,N %M8    ,0
2117,ce7e01007e0e7c1e,N %M9    ,0
2118,ce7e01007e0e7c2e,N %M10    ,0
2119,ce7e01007e0e7c3e,N %M11    ,0
2120,ce7e01007e0e7c4e,N %M12    ,0
2121,ce7e01007e0e7c5e,N %M13    ,0
2122,ce7e01007e0e7c6e,N %M14    ,0
2123,ce7e01007e0e7c7e,N %M15    ,0
2124,ce7e02007e0e7c0e,N %M16    ,0
2125,ce7e02007e0e7c1e,N %M17    ,0
2126,ce7e02007e0e7c2e,N %M18    ,0
2127,ce7e02007e0e7c3e,N %M19    ,0
2128,ce7e02007e0e7c4e,N %M20    ,0
2129,ce7e02007e0e7c5e,N %M21    ,0
2130,ce7e02007e0e7c6e,N %M22    ,0
2131,ce7e02007e0e7c7e,N %M23    ,0
2132,ce7e03007e0e7c0e,N %M24    ,0
2133,ce7e03007e0e7c1e,N %M25    ,0
2134,ce7e03007e0e7c2e,N %M26    ,0
2135,ce7e03007e0e7c3e,N %M27    ,0
2136,ce7e03007e0e7c4e,N %M28    ,0
2137,ce7e03007e0e7c5e,N %M29    ,0
2138,ce7e03007e0e7c6e,N %M30    ,0
2139,ce7e03007e0e7c7e,N %M31    ,0
2140,ce7e04007e0e7c0e,N %M32    ,0
2141,ce7e04007e0e7c1e,N %M33    ,0
2142,ce7e04007e0e7c2e,N %M34    ,0
2143,ce7e04007e0e7c3e,N %M35    ,0
2144,ce7e04007e0e7c4e,N %M36    ,0
2145,ce7e04007e0e7c5e,N %M37    ,0
2146,ce7e04007e0e7c6e,N %M38    ,0
2147,ce7e04007e0e7c7e,N %M39    ,0
2148,ce7e05007e0e7c0e,N %M40    ,0
2149,ce7e05007e0e7c1e,N %M41    ,0
2150,ce7e05007e0e7c2e,N %M42    ,0
2151,ce7e05007e0e7c3e,N %M43    ,0
2152,ce7e05007e0e7c4e,N %M44    ,0
2153,ce7e05007e0e7c5e,N %M45    ,0
2154,ce7e05007e0e7c6e,N %M46    ,0
2155,ce7e05007e0e7c7e,N %M47    ,0
2156,ce7e06007e0e7c0e,N %M48    ,0
2157,ce7e06007e0e7c1e,N %M49    ,0
2158,ce7e06007e0e7c2e,N %M50    ,0
2159,ce7e06007e0e7c3e,N %M51    ,0
2160,ce7e06007e0e7c4e,N %M52    ,0
2161,ce7e06007e0e7c5e,N %M53    ,0
2162,ce7e06007e0e7c6e,N %M54    ,0
2163,ce7e06007e0e7c7e,N %M55    ,0
2164,ce7e07007e0e7c0e,N %M56    ,0
2165,ce7e07007e0e7c1e,N %M57    ,0
2166,ce7e07007e0e7c2e,N %M58    ,0
2167,ce7e07007e0e7c3e,N %M59    ,0
2168,ce7e07007e0e7c4e,N %M60    ,0
2169,ce7e07007e0e7c5e,N %M61    ,0
2170,ce7e07007e0e7c6e,N %M62    ,0
2171,ce7e07007e0e7c7e,N %M63    ,0
2172,ce7e08007e0e7c0e,N %M64    ,0
2173,ce7e08007e0e7c1e,N %M65    ,0
2174,ce7e08007e0e7c2e,N %M66    ,0
2175,ce7e08007e0e7c3e,N %M67    ,0
2176,ce7e08007e0e7c4e,N %M68    ,0
2177,ce7e08007e0e7c5e,N %M69    ,0
2178,ce7e08007e0e7c6e,N %M70    ,0
2179,ce7e08007e0e7c7e,N %M71    ,0
2180,ce7e09007e0e7c0e,N %M72    ,0
2181,ce7e09007e0e7c1e,N %M73    ,0
2182,ce7e09007e0e7c2e,N %M74    ,0
2183,ce7e09007e0e7c3e,N %M75    ,0
2184,ce7e09007e0e7c4e,N %M76    ,0
2185,ce7e09007e0e7c5e,N %M77    ,0
2186,ce7e09007e0e7c6e,N %M78    ,0
2187,ce7e09007e0e7c7e,N %M79    ,0
2188,ce7e0a007e0e7c0e,N %M80    ,0
2189,ce7e0a007e0e7c1e,N %M81    ,0
2190,ce7e0a007e0e7c2e,N %M82    ,0
2191,ce7e0a007e0e7c3e,N %M83    ,0
2192,ce7e0a007e0e7c4e,N %M84    ,0
2193,ce7e0a007e0e7c5e,N %M85    ,0
2194,ce7e0a007e0e7c6e,N %M86    ,0
2195,ce7e0a007e0e7c7e,N %M87    ,0
2196,ce7e0b007e0e7c0e,N %M88    ,0
2197,ce7e0b007e0e7c1e,N %M89    ,0
2198,ce7e0b007e0e7c2e,N %M90    ,0
2199,ce7e0b007e0e7c3e,N %M91    ,0
2200,ce7e0b007e0e7c4e,N %M92    ,0
2201,ce7e0b007e0e7c5e,N %M93    ,0
2202,ce7e0b007e0e7c6e,N %M94    ,0
2203,ce7e0b007e0e7c7e,N %M95    ,0
2204,ce7e0c007e0e7c0e,N %M96    ,0
2205,ce7e0c007e0e7c1e,N %M97    ,0
2206,ce7e0c007e0e7c2e,N %M98    ,0
2207,ce7e0c007e0e7c3e,N %M99    ,0
2208,ce7e0c007e0e7c4e,N %M100    ,0
2209,ce7e0c007e0e7c5e,N %M101    ,0
2210,ce7e0c007e0e7c6e,N %M102    ,0
2211,ce7e0c007e0e7c7e,N %M103    ,0
2212,ce7e0d007e0e7c0e,N %M104    ,0
2213,ce7e0d007e0e7c1e,N %M105    ,0
2214,ce7e0d007e0e7c2e,N %M106    ,0
2215,ce7e0d007e0e7c3e,N %M107    ,0
2216,ce7e0d007e0e7c4e,N %M108    ,0
2217,ce7e0d007e0e7c5e,N %M109    ,0
2218,ce7e0d007e0e7c6e,N %M110    ,0
2219,ce7e0d007e0e7c7e,N %M111    ,0
2220,ce7e0e007e0e7c0e,N %M112    ,0
2221,ce7e0e007e0e7c1e,N %M113    ,0
2222,ce7e0e007e0e7c2e,N %M114    ,0
2223,ce7e0e007e0e7c3e,N %M115    ,0
2224,ce7e0e007e0e7c4e,N %M116    ,0
2225,ce7e0e007e0e7c5e,N %M117    ,0
2226,ce7e0e007e0e7c6e,N %M118    ,0
2227,ce7e0e007e0e7c7e,N %M119    ,0
2228,ce7e0f007e0e7c0e,N %M120    ,0
2229,ce7e0f007e0e7c1e,N %M121    ,0
2230,ce7e0f007e0e7c2e,N %M122    ,0
2231,ce7e0f007e0e7c3e,N %M123    ,0
2232,ce7e0f007e0e7c4e,N %M124    ,0
2233,ce7e0f007e0e7c5e,N %M125    ,0
2234,ce7e0f007e0e7c6e,N %M126    ,0
2235,ce7e0f007e0e7c7e,N %M127    ,0
2236,ce7e10007e0e7c0e,N %M128    ,0
2237,ce7e10007e0e7c1e,N %M129    ,0
2238,ce7e10007e0e7c2e,N %M130    ,0
2239,ce7e10007e0e7c3e,N %M131    ,0
2240,ce7e10007e0e7c4e,N %M132    ,0
2241,ce7e10007e0e7c5e,N %M133    ,0
2242,ce7e10007e0e7c6e,N %M134    ,0
2243,ce7e10007e0e7c7e,N %M135    ,0
2244,ce7e11007e0e7c0e,N %M136    ,0
2245,ce7e11007e0e7c1e,N %M137    ,0
2246,ce7e11007e0e7c2e,N %M138    ,0
2247,ce7e11007e0e7c3e,N %M139    ,0
2248,ce7e11007e0e7c4e,N %M140    ,0
2249,ce7e11007e0e7c5e,N %M141    ,0
2250,ce7e11007e0e7c6e,N %M142    ,0
2251,ce7e11007e0e7c7e,N %M143    ,0
2252,ce7e12007e0e7c0e,N %M144    ,0
2253,ce7e12007e0e7c1e,N %M145    ,0
2254,ce7e12007e0e7c2e,N %M146    ,0
2255,ce7e12007e0e7c3e,N %M147    ,0
2256,ce7e12007e0e7c4e,N %M148    ,0
2257,ce7e12007e0e7c5e,N %M149    ,0
2258,ce7e12007e0e7c6e,N %M150    ,0
2259,ce7e12007e0e7c7e,N %M151    ,0
2260,ce7e13007e0e7c0e,N %M152    ,0
2261,ce7e13007e0e7c1e,N %M153    ,0
2262,ce7e13007e0e7c2e,N %M154    ,0
2263,ce7e13007e0e7c3e,N %M155    ,0
2264,ce7e13007e0e7c4e,N %M156    ,0
2265,ce7e13007e0e7c5e,N %M157    ,0
2266,ce7e13007e0e7c6e,N %M158    ,0
2267,ce7e13007e0e7c7e,N %M159    ,0
2268,ce7e14007e0e7c0e,N %M160    ,0
2269,ce7e14007e0e7c1e,N %M161    ,0
2270,ce7e14007e0e7c2e,N %M162    ,0
2271,ce7e14007e0e7c3e,N %M163    ,0
2272,ce7e14007e0e7c4e,N %M164    ,0
2273,ce7e14007e0e7c5e,N %M165    ,0
2274,ce7e14007e0e7c6e,N %M166    ,0
2275,ce7e14007e0e7c7e,N %M167    ,0
2276,ce7e15007e0e7c0e,N %M168    ,0
2277,ce7e15007e0e7c1e,N %M169    ,0
2278,ce7e15007e0e7c2e,N %M170    ,0
2279,ce7e15007e0e7c3e,N %M171    ,0
2280,ce7e15007e0e7c4e,N %M172    ,0
2281,ce7e15007e0e7c5e,N %M173    ,0
2282,ce7e15007e0e7c6e,N %M174    ,0
2283,ce7e15007e0e7c7e,N %M175    ,0
2284,ce7e16007e0e7c0e,N %M176    ,0
2285,ce7e16007e0e7c1e,N %M177    ,0
2286,ce7e16007e0e7c2e,N %M178    ,0
2287,ce7e16007e0e7c3e,N %M179    ,0
2288,ce7e16007e0e7c4e,N %M180    ,0
2289,ce7e16007e0e7c5e,N %M181    ,0
2290,ce7e16007e0e7c6e,N %M182    ,0
2291,ce7e16007e0e7c7e,N %M183    ,0
2292,ce7e17007e0e7c0e,N %M184    ,0
2293,ce7e17007e0e7c1e,N %M185    ,0
2294,ce7e17007e0e7c2e,N %M186    ,0
2295,ce7e17007e0e7c3e,N %M187    ,0
2296,ce7e17007e0e7c4e,N %M188    ,0
2297,ce7e17007e0e7c5e,N %M189    ,0
2298,ce7e17007e0e7c6e,N %M190    ,0
2299,ce7e17007e0e7c7e,N %M191    ,0
2300,ce7e18007e0e7c0e,N %M192    ,0
2301,ce7e18007e0e7c1e,N %M193    ,0
2302,ce7e18007e0e7c2e,N %M194    ,0
2303,ce7e18007e0e7c3e,N %M195    ,0
2304,ce7e18007e0e7c4e,N %M196    ,0
2305,ce7e18007e0e7c5e,N %M197    ,0
2306,ce7e18007e0e7c6e,N %M198    ,0
2307,ce7e18007e0e7c7e,N %M199    ,0
2308,ce7e19007e0e7c0e,N %M200    ,0
2309,ce7e19007e0e7c1e,N %M201    ,0
2310,ce7e19007e0e7c2e,N %M202    ,0
2311,ce7e19007e0e7c3e,N %M203    ,0
2312,ce7e19007e0e7c4e,N %M204    ,0
2313,ce7e19007e0e7c5e,N %M205    ,0
2314,ce7e19007e0e7c6e,N %M206    ,0
2315,ce7e19007e0e7c7e,N %M207    ,0
2316,ce7e1a007e0e7c0e,N %M208    ,0
2317,ce7e1a007e0e7c1e,N %M209    ,0
2318,ce7e1a007e0e7c2e,N %M210    ,0
2319,ce7e1a007e0e7c3e,N %M211    ,0
2320,ce7e1a007e0e7c4e,N %M212    ,0
2321,ce7e1a007e0e7c5e,N %M213    ,0
2322,ce7e1a007e0e7c6e,N %M214    ,0
2323,ce7e1a007e0e7c7e,N %M215    ,0
2324,ce7e1b007e0e7c0e,N %M216    ,0
2325,ce7e1b007e0e7c1e,N %M217    ,0
2326,ce7e1b007e0e7c2e,N %M218    ,0
2327,ce7e1b007e0e7c3e,N %M219    ,0
2328,ce7e1b007e0e7c4e,N %M220    ,0
2329,ce7e1b007e0e7c5e,N %M221    ,0
2330,ce7e1b007e0e7c6e,N %M222    ,0
2331,ce7e1b007e0e7c7e,N %M223    ,0
2332,ce7e1c007e0e7c0e,N %M224    ,0
2333,ce7e1c007e0e7c1e,N %M225    ,0
2334,ce7e1c007e0e7c2e,N %M226    ,0
2335,ce7e1c007e0e7c3e,N %M227    ,0
2336,ce7e1c007e0e7c4e,N %M228    ,0
2337,ce7e1c007e0e7c5e,N %M229    ,0
2338,ce7e1c007e0e7c6e,N %M230    ,0
2339,ce7e1c007e0e7c7e,N %M231    ,0
2340,ce7e1d007e0e7c0e,N %M232    ,0
2341,ce7e1d007e0e7c1e,N %M233    ,0
2342,ce7e1d007e0e7c2e,N %M234    ,0
2343,ce7e1d007e0e7c3e,N %M235    ,0
2344,ce7e1d007e0e7c4e,N %M236    ,0
2345,ce7e1d007e0e7c5e,N %M237    ,0
2346,ce7e1d007e0e7c6e,N %M238    ,0
2347,ce7e1d007e0e7c7e,N %M239    ,0
2348,ce7e1e007e0e7c0e,N %M240    ,0
2349,ce7e1e007e0e7c1e,N %M241    ,0
2350,ce7e1e007e0e7c2e,N %M242    ,0
2351,ce7e1e007e0e7c3e,N %M243    ,0
2352,ce7e1e007e0e7c4e,N %M244    ,0
2353,ce7e1e007e0e7c5e,N %M245    ,0
2354,ce7e1e007e0e7c6e,N %M246    ,0
2355,ce7e1e007e0e7c7e,N %M247    ,0
2356,ce7e1f007e0e7c0e,N %M248    ,0
2357,ce7e1f007e0e7c1e,N %M249    ,0
2358,ce7e1f007e0e7c2e,N %M250    ,0
2359,ce7e1f007e0e7c3e,N %M251    ,0
2360,ce7e1f007e0e7c4e,N %M252    ,0
2361,ce7e1f007e0e7c5e,N %M253    ,0
2362,ce7e1f007e0e7c6e,N %M254    ,0
2363,ce7e1f007e0e7c7e,N %M255    ,0
2364,ce7e20007e0e7c0e,N %M256    ,0
2365,ce7e20007e0e7c1e,N %M257    ,0
2366,ce7e20007e0e7c2e,N %M258    ,0
2367,ce7e20007e0e7c3e,N %M259    ,0
2368,ce7e20007e0e7c4e,N %M260    ,0
2369,ce7e20007e0e7c5e,N %M261    ,0
2370,ce7e20007e0e7c6e,N %M262    ,0
2371,ce7e20007e0e7c7e,N %M263    ,0
2372,ce7e21007e0e7c0e,N %M264    ,0
2373,ce7e21007e0e7c1e,N %M265    ,0
2374,ce7e21007e0e7c2e,N %M266    ,0
2375,ce7e21007e0e7c3e,N %M267    ,0
2376,ce7e21007e0e7c4e,N %M268    ,0
2377,ce7e21007e0e7c5e,N %M269    ,0
2378,ce7e21007e0e7c6e,N %M270    ,0
2379,ce7e21007e0e7c7e,N %M271    ,0
2380,ce7e22007e0e7c0e,N %M272    ,0
2381,ce7e22007e0e7c1e,N %M273    ,0
2382,ce7e22007e0e7c2e,N %M274    ,0
2383,ce7e22007e0e7c3e,N %M275    ,0
2384,ce7e22007e0e7c4e,N %M276    ,0
2385,ce7e22007e0e7c5e,N %M277    ,0
2386,ce7e22007e0e7c6e,N %M278    ,0
2387,ce7e22007e0e7c7e,N %M279    ,0
2388,ce7e23007e0e7c0e,N %M280    ,0
2389,ce7e23007e0e7c1e,N %M281    ,0
2390,ce7e23007e0e7c2e,N %M282    ,0
2391,ce7e23007e0e7c3e,N %M283    ,0
2392,ce7e23007e0e7c4e,N %M284    ,0
2393,ce7e23007e0e7c5e,N %M285    ,0
2394,ce7e23007e0e7c6e,N %M286    ,0
2395,ce7e23007e0e7c7e,N %M287    ,0
2396,ce7e24007e0e7c0e,N %M288    ,0
2397,ce7e24007e0e7c1e,N %M289    ,0
2398,ce7e24007e0e7c2e,N %M290    ,0
2399,ce7e24007e0e7c3e,N %M291    ,0
2400,ce7e24007e0e7c4e,N %M292    ,0
2401,ce7e24007e0e7c5e,N %M293    ,0
2402,ce7e24007e0e7c6e,N %M294    ,0
2403,ce7e24007e0e7c7e,N %M295    ,0
2404,ce7e25007e0e7c0e,N %M296    ,0
2405,ce7e25007e0e7c1e,N %M297    ,0
2406,ce7e25007e0e7c2e,N %M298    ,0
2407,ce7e25007e0e7c3e,N %M299    ,0
2408,ce7e25007e0e7c4e,N %M300    ,0
2409,ce7e25007e0e7c5e,N %M301    ,0
2410,ce7e25007e0e7c6e,N %M302    ,0
2411,ce7e25007e0e7c7e,N %M303    ,0
2412,ce7e26007e0e7c0e,N %M304    ,0
2413,ce7e26007e0e7c1e,N %M305    ,0
2414,ce7e26007e0e7c2e,N %M306    ,0
2415,ce7e26007e0e7c3e,N %M307    ,0
2416,ce7e26007e0e7c4e,N %M308    ,0
2417,ce7e26007e0e7c5e,N %M309    ,0
2418,ce7e26007e0e7c6e,N %M310    ,0
2419,ce7e26007e0e7c7e,N %M311    ,0
2420,ce7e27007e0e7c0e,N %M312    ,0
2421,ce7e27007e0e7c1e,N %M313    ,0
2422,ce7e27007e0e7c2e,N %M314    ,0
2423,ce7e27007e0e7c3e,N %M315    ,0
2424,ce7e27007e0e7c4e,N %M316    ,0
2425,ce7e27007e0e7c5e,N %M317    ,0
2426,ce7e27007e0e7c6e,N %M318    ,0
2427,ce7e27007e0e7c7e,N %M319    ,0
2428,ce7e28007e0e7c0e,N %M320    ,0
2429,ce7e28007e0e7c1e,N %M321    ,0
2430,ce7e28007e0e7c2e,N %M322    ,0
2431,ce7e28007e0e7c3e,N %M323    ,0
2432,ce7e28007e0e7c4e,N %M324    ,0
2433,ce7e28007e0e7c5e,N %M325    ,0
2434,ce7e28007e0e7c6e,N %M326    ,0
2435,ce7e28007e0e7c7e,N %M327    ,0
2436,ce7e29007e0e7c0e,N %M328    ,0
2437,ce7e29007e0e7c1e,N %M329    ,0
2438,ce7e29007e0e7c2e,N %M330    ,0
2439,ce7e29007e0e7c3e,N %M331    ,0
2440,ce7e29007e0e7c4e,N %M332    ,0
2441,ce7e29007e0e7c5e,N %M333    ,0
2442,ce7e29007e0e7c6e,N %M334    ,0
2443,ce7e29007e0e7c7e,N %M335    ,0
2444,ce7e2a007e0e7c0e,N %M336    ,0
2445,ce7e2a007e0e7c1e,N %M337    ,0
2446,ce7e2a007e0e7c2e,N %M338    ,0
2447,ce7e2a007e0e7c3e,N %M339    ,0
2448,ce7e2a007e0e7c4e,N %M340    ,0
2449,ce7e2a007e0e7c5e,N %M341    ,0
2450,ce7e2a007e0e7c6e,N %M342    ,0
2451,ce7e2a007e0e7c7e,N %M343    ,0
2452,ce7e2b007e0e7c0e,N %M344    ,0
2453,ce7e2b007e0e7c1e,N %M345    ,0
2454,ce7e2b007e0e7c2e,N %M346    ,0
2455,ce7e2b007e0e7c3e,N %M347    ,0
2456,ce7e2b007e0e7c4e,N %M348    ,0
2457,ce7e2b007e0e7c5e,N %M349    ,0
2458,ce7e2b007e0e7c6e,N %M350    ,0
2459,ce7e2b007e0e7c7e,N %M351    ,0
2460,ce7e2c007e0e7c0e,N %M352    ,0
2461,ce7e2c007e0e7c1e,N %M353    ,0
2462,ce7e2c007e0e7c2e,N %M354    ,0
2463,ce7e2c007e0e7c3e,N %M355    ,0
2464,ce7e2c007e0e7c4e,N %M356    ,0
2465,ce7e2c007e0e7c5e,N %M357    ,0
2466,ce7e2c007e0e7c6e,N %M358    ,0
2467,ce7e2c007e0e7c7e,N %M359    ,0
2468,ce7e2d007e0e7c0e,N %M360    ,0
2469,ce7e2d007e0e7c1e,N %M361    ,0
2470,ce7e2d007e0e7c2e,N %M362    ,0
2471,ce7e2d007e0e7c3e,N %M363    ,0
2472,ce7e2d007e0e7c4e,N %M364    ,0
2473,ce7e2d007e0e7c5e,N %M365    ,0
2474,ce7e2d007e0e7c6e,N %M366    ,0
2475,ce7e2d007e0e7c7e,N %M367    ,0
2476,ce7e2e007e0e7c0e,N %M368    ,0
2477,ce7e2e007e0e7c1e,N %M369    ,0
2478,ce7e2e007e0e7c2e,N %M370    ,0
2479,ce7e2e007e0e7c3e,N %M371    ,0
2480,ce7e2e007e0e7c4e,N %M372    ,0
2481,ce7e2e007e0e7c5e,N %M373    ,0
2482,ce7e2e007e0e7c6e,N %M374    ,0
2483,ce7e2e007e0e7c7e,N %M375    ,0
2484,ce7e2f007e0e7c0e,N %M376    ,0
2485,ce7e2f007e0e7c1e,N %M377    ,0
2486,ce7e2f007e0e7c2e,N %M378    ,0
2487,ce7e2f007e0e7c3e,N %M379    ,0
2488,ce7e2f007e0e7c4e,N %M380    ,0
2489,ce7e2f007e0e7c5e,N %M381    ,0
2490,ce7e2f007e0e7c6e,N %M382    ,0
2491,ce7e2f007e0e7c7e,N %M383    ,0
2492,ce7e30007e0e7c0e,N %M384    ,0
2493,ce7e30007e0e7c1e,N %M385    ,0
2494,ce7e30007e0e7c2e,N %M386    ,0
2495,ce7e30007e0e7c3e,N %M387    ,0
2496,ce7e30007e0e7c4e,N %M388    ,0
2497,ce7e30007e0e7c5e,N %M389    ,0
2498,ce7e30007e0e7c6e,N %M390    ,0
2499,ce7e30007e0e7c7e,N %M391    ,0
2500,ce7e31007e0e7c0e,N %M392    ,0
2501,ce7e31007e0e7c1e,N %M393    ,0
2502,ce7e31007e0e7c2e,N %M394    ,0
2503,ce7e31007e0e7c3e,N %M395    ,0
2504,ce7e31007e0e7c4e,N %M396    ,0
2505,ce7e31007e0e7c5e,N %M397    ,0
2506,ce7e31007e0e7c6e,N %M398    ,0
2507,ce7e31007e0e7c7e,N %M399    ,0
2508,ce7e32007e0e7c0e,N %M400    ,0
2509,ce7e32007e0e7c1e,N %M401    ,0
2510,ce7e32007e0e7c2e,N %M402    ,0
2511,ce7e32007e0e7c3e,N %M403    ,0
2512,ce7e32007e0e7c4e,N %M404    ,0
2513,ce7e32007e0e7c5e,N %M405    ,0
2514,ce7e32007e0e7c6e,N %M406    ,0
2515,ce7e32007e0e7c7e,N %M407    ,0
2516,ce7e33007e0e7c0e,N %M408    ,0
2517,ce7e33007e0e7c1e,N %M409    ,0
2518,ce7e33007e0e7c2e,N %M410    ,0
2519,ce7e33007e0e7c3e,N %M411    ,0
2520,ce7e33007e0e7c4e,N %M412    ,0
2521,ce7e33007e0e7c5e,N %M413    ,0
2522,ce7e33007e0e7c6e,N %M414    ,0
2523,ce7e33007e0e7c7e,N %M415    ,0
2524,ce7e34007e0e7c0e,N %M416    ,0
2525,ce7e34007e0e7c1e,N %M417    ,0
2526,ce7e34007e0e7c2e,N %M418    ,0
2527,ce7e34007e0e7c3e,N %M419    ,0
2528,ce7e34007e0e7c4e,N %M420    ,0
2529,ce7e34007e0e7c5e,N %M421    ,0
2530,ce7e34007e0e7c6e,N %M422    ,0
2531,ce7e34007e0e7c7e,N %M423    ,0
2532,ce7e35007e0e7c0e,N %M424    ,0
2533,ce7e35007e0e7c1e,N %M425    ,0
2534,ce7e35007e0e7c2e,N %M426    ,0
2535,ce7e35007e0e7c3e,N %M427    ,0
2536,ce7e35007e0e7c4e,N %M428    ,0
2537,ce7e35007e0e7c5e,N %M429    ,0
2538,ce7e35007e0e7c6e,N %M430    ,0
2539,ce7e35007e0e7c7e,N %M431    ,0
2540,ce7e36007e0e7c0e,N %M432    ,0
2541,ce7e36007e0e7c1e,N %M433    ,0
2542,ce7e36007e0e7c2e,N %M434    ,0
2543,ce7e36007e0e7c3e,N %M435    ,0
2544,ce7e36007e0e7c4e,N %M436    ,0
2545,ce7e36007e0e7c5e,N %M437    ,0
2546,ce7e36007e0e7c6e,N %M438    ,0
2547,ce7e36007e0e7c7e,N %M439    ,0
2548,ce7e37007e0e7c0e,N %M440    ,0
2549,ce7e37007e0e7c1e,N %M441    ,0
2550,ce7e37007e0e7c2e,N %M442    ,0
2551,ce7e37007e0e7c3e,N %M443    ,0
2552,ce7e37007e0e7c4e,N %M444    ,0
2553,ce7e37007e0e7c5e,N %M445    ,0
2554,ce7e37007e0e7c6e,N %M446    ,0
2555,ce7e37007e0e7c7e,N %M447    ,0
2556,ce7e38007e0e7c0e,N %M448    ,0
2557,ce7e38007e0e7c1e,N %M449    ,0
2558,ce7e38007e0e7c2e,N %M450    ,0
2559,ce7e38007e0e7c3e,N %M451    ,0
2560,ce7e38007e0e7c4e,N %M452    ,0
2561,ce7e38007e0e7c5e,N %M453    ,0
2562,ce7e38007e0e7c6e,N %M454    ,0
2563,ce7e38007e0e7c7e,N %M455    ,0
2564,ce7e39007e0e7c0e,N %M456    ,0
2565,ce7e39007e0e7c1e,N %M457    ,0
2566,ce7e39007e0e7c2e,N %M458    ,0
2567,ce7e39007e0e7c3e,N %M459    ,0
2568,ce7e39007e0e7c4e,N %M460    ,0
2569,ce7e39007e0e7c5e,N %M461    ,0
2570,ce7e39007e0e7c6e,N %M462    ,0
2571,ce7e39007e0e7c7e,N %M463    ,0
2572,ce7e3a007e0e7c0e,N %M464    ,0
2573,ce7e3a007e0e7c1e,N %M465    ,0
2574,ce7e3a007e0e7c2e,N %M466    ,0
2575,ce7e3a007e0e7c3e,N %M467    ,0
2576,ce7e3a007e0e7c4e,N %M468    ,0
2577,ce7e3a007e0e7c5e,N %M469    ,0
2578,ce7e3a007e0e7c6e,N %M470    ,0
2579,ce7e3a007e0e7c7e,N %M471    ,0
2580,ce7e3b007e0e7c0e,N %M472    ,0
2581,ce7e3b007e0e7c1e,N %M473    ,0
2582,ce7e3b007e0e7c2e,N %M474    ,0
2583,ce7e3b007e0e7c3e,N %M475    ,0
2584,ce7e3b007e0e7c4e,N %M476    ,0
2585,ce7e3b007e0e7c5e,N %M477    ,0
2586,ce7e3b007e0e7c6e,N %M478    ,0
2587,ce7e3b007e0e7c7e,N %M479    ,0
2588,ce7e3c007e0e7c0e,N %M480    ,0
2589,ce7e3c007e0e7c1e,N %M481    ,0
2590,ce7e3c007e0e7c2e,N %M482    ,0
2591,ce7e3c007e0e7c3e,N %M483    ,0
2592,ce7e3c007e0e7c4e,N %M484    ,0
2593,ce7e3c007e0e7c5e,N %M485    ,0
2594,ce7e3c007e0e7c6e,N %M486    ,0
2595,ce7e3c007e0e7c7e,N %M487    ,0
2596,ce7e3d007e0e7c0e,N %M488    ,0
2597,ce7e3d007e0e7c1e,N %M489    ,0
2598,ce7e3d007e0e7c2e,N %M490    ,0
2599,ce7e3d007e0e7c3e,N %M491    ,0
2600,ce7e3d007e0e7c4e,N %M492    ,0
2601,ce7e3d007e0e7c5e,N %M493    ,0
2602,ce7e3d007e0e7c6e,N %M494    ,0
2603,ce7e3d007e0e7c7e,N %M495    ,0
2604,ce7e3e007e0e7c0e,N %M496    ,0
2605,ce7e3e007e0e7c1e,N %M497    ,0
2606,ce7e3e007e0e7c2e,N %M498    ,0
2607,ce7e3e007e0e7c3e,N %M499    ,0
2608,ce7e3e007e0e7c4e,N %M500    ,0
2609,ce7e3e007e0e7c5e,N %M501    ,0
2610,ce7e3e007e0e7c6e,N %M502    ,0
2611,ce7e3e007e0e7c7e,N %M503    ,0
2612,ce7e3f007e0e7c0e,N %M504    ,0
2613,ce7e3f007e0e7c1e,N %M505    ,0
2614,ce7e3f007e0e7c2e,N %M506    ,0
2615,ce7e3f007e0e7c3e,N %M507    ,0
2616,ce7e3f007e0e7c4e,N %M508    ,0
2617,ce7e3f007e0e7c5e,N %M509    ,0
2618,ce7e3f007e0e7c6e,N %M510    ,0
2619,ce7e3f007e0e7c7e,N %M511    ,0
2634,7c0d, %Q0.0,0
2635,7c2d, %Q0.1,0
2636,7c2d, %Q0.2,0
2637,7c3d, %Q0.3,0
2638,7c4d, %Q0.4,0
2639,7c5d, %Q0.5,0
2640,7c6d, %Q0.6,0
2641,efde7e0e7c0e,N %Q0.0,0
2642,efde7e0e7c1e,N %Q0.1,0
2643,efde7e0e7c2e,N %Q0.2,0
2644,efde7e0e7c3e,N %Q0.3,0
2645,efde7e0e7c4e,N %Q0.4,0
2646,efde7e0e7c5e,N %Q0.5,0
2647,efde7e0e7c6e,N %Q0.6,0
